cuid,predict
365579,87.40340548483567
377966,512.1960136688291
365818,92.28322623265507
369832,422.4050722644373
372214,237.6878815284187
380442,24.943563021111196
374098,57.09724345331509
364721,125.65095872161706
375784,99.2401448452982
378440,200.53106128192005
384599,517.5740512845347
378490,75.4996699021447
385501,60.53122757675068
371457,54.72979637217677
366362,35.90504160731749
367111,329.18671219544126
366925,13.151623689881193
385914,60.3391076945711
384122,266.8043840492978
364800,202.53431727264035
373784,74.94762636057872
374115,14.262267567610607
374289,104.79643991835732
379989,69.49289068366927
382563,395.66291201721555
382558,567.8161559225598
382862,8.175851477619647
364076,286.7298940714934
384595,87.94067837127888
374306,175.30640189983728
371444,181.6093722655781
382741,324.5626167822823
364437,177.0643106361987
373763,106.0686021634699
379966,53.72363838768132
371425,127.82722801577474
369826,169.88209303033312
380763,259.75756330704763
378326,360.7662660258771
378147,111.52877147680393
364374,621.9558348148621
384408,79.56472405557315
376596,222.96511926416275
373520,117.85125902025595
375578,1154.9950196304867
382822,111.22741923968027
380275,51.38435327273994
382090,282.33679510871
366641,10.41765834605012
376369,352.73985826768023
379793,137.68814721916618
385271,53.57976736839866
384105,26.15222502321405
376235,250.00579927802661
365840,339.7523311926407
385209,230.6672513627725
365600,138.64752767605538
379788,198.2444965585457
376213,288.7824371352353
364229,135.8831121658373
380281,63.02461170922036
371502,382.0799264715441
375992,364.32768451056864
384157,158.67523050894476
364211,107.92560237613998
378511,35.90504160731749
372263,56.21548897534199
376441,1741.6522329556467
372104,108.6905451861919
367058,131.9972775055797
380663,38.202683866179214
369971,142.29498096598385
372266,126.22006168128202
379899,78.57057999365206
365934,535.8181837229354
366475,124.66082373626094
378013,294.54827949814074
382855,302.44903557799734
385632,61.16714514584939
366639,167.393229223746
385223,65.66432635046114
365968,1305.309490483258
364853,886.7222281872371
366505,160.6840996152962
366664,126.53074286993399
364980,229.81942459640948
374334,62.06330594735661
384347,174.13060179264832
369242,1724.2599914481405
364253,162.44226245536368
377629,266.5749582408176
376126,214.27714821429055
366277,56.684396918731125
385289,15.85797305349733
371395,48.02234981710862
382271,852.3314584924151
385796,28.948293028547997
366318,22.318307155892764
365762,72.46616931125703
385305,54.27822799528018
385558,194.83384277835415
384567,106.73092215654417
372250,948.350924960715
374415,41.7056962314322
369863,545.0830730790072
371435,116.73241947928469
374357,64.61337866288433
371738,85.4192894406136
378256,1629.6187234669985
374101,42.53981321615427
385853,122.32649815159347
374390,14.292859966267342
365843,44.635659879616874
364220,63.76255485846631
382599,1508.1558987092396
372310,135.97094520963043
364509,726.0834765757356
370219,124.15357879661457
364694,950.0216181180978
364143,261.94708319364014
365257,67.3643846357781
364979,153.6437367559361
371996,793.8710404698164
374425,119.26193201107063
370240,156.36351729757112
371824,121.25732186210998
384675,139.70753073058904
369421,148.87162335776472
384699,46.809847697961324
371540,707.4148576671773
371853,154.38600064062044
378351,5401.277030861539
369726,262.59553663928943
373950,47.490108411517674
371312,374.41162631797306
366623,69.81054694538044
377831,107.24490321807093
366518,116.86790081928835
382692,307.9998084392013
379933,30.200411922979747
382219,259.8191791714102
363954,168.82624994258708
371921,663.8577012050872
375558,1050.5461948682196
382239,451.3919673762604
382465,236.30177888892277
376114,452.80057939319994
380469,135.84798699928362
382258,848.721923628565
373505,187.1586928105875
366032,4609.226827866186
371651,715.0360407000479
384076,95.64152742585814
369559,392.25644650020104
364684,429.74728996448647
384558,76.85916894868895
371699,442.0750916212214
385309,156.83611657478502
364401,66.43174838055445
371709,424.5426782415535
365154,213.70875993864664
376430,620.3209151620903
382303,351.24805574473726
385332,67.06796833965296
372009,126.65161136691384
365268,169.87282249208653
366989,18.55052637879505
366087,84.8544249899898
382825,333.7217926152062
375669,367.6741660678006
364461,380.3225812064175
369894,396.5497561279639
380347,100.12031162957895
379823,312.37392539731485
369914,570.2730632551174
372314,634.0022843634066
374128,190.93452596661476
385399,285.79427020283293
367051,94.67446161794815
365358,270.46920938439456
374412,62.96624644506037
363961,540.9606129334206
382380,71.03584375412957
369976,226.95240995006213
377798,90.32044408223936
372117,180.34824527734767
366800,695.9289949284075
376544,100.80618002300812
384459,151.84238549415323
380428,275.04112237613396
385217,35.409036637812086
373417,30.01727037901389
367130,72.26852512106129
378603,173.40368377858684
375624,763.8621558207441
365697,57.11149095415631
371338,377.3306016428032
373982,32.00927582599999
372163,270.8840805926757
375557,284.68089091699875
385244,132.3811414605029
378401,289.0774532488525
378150,58.22554199699142
382007,228.56403704281914
382017,2552.6946513296784
378414,404.96429103428227
377915,93.99892981424163
378688,161.6724981112764
384082,161.78790649252028
366941,55.70502758921372
369932,846.0991314994272
380522,91.02140862715935
364691,123.07198057919953
373799,161.233029308338
364149,253.00144808138998
371430,193.93378378634816
382532,122.53203927036034
373815,33.67999083720251
372271,57.71071925810103
364441,291.8837036322436
385592,25.657708249314087
378647,120.31831953190142
380155,73.91622922021226
379805,18.35524904118373
372285,503.6965836007276
366697,33.2041252860512
364026,65.67906270710995
385624,14.558652481884558
369923,191.75485485748544
371795,108.70719221382987
376493,204.1023932384735
365052,251.00746551047175
378311,291.34304666458576
373641,41.54726984187517
365867,109.12348277502778
379859,57.99659710328096
365631,169.55776356668252
372094,188.478639425578
365985,458.6788058748889
372106,438.45939443445155
385674,164.5728520932589
384772,494.36784061502084
385189,35.30750073554934
366801,63.989469312719905
381947,3478.2196623809764
385934,60.079328839499354
365590,1050.9202825790135
378581,188.19356988805114
365130,286.3618653339636
385222,35.6123269146277
378598,117.91914848604982
366233,35.76497680601512
380277,145.00088118646818
380204,61.859850447605055
378383,65.66432635046114
385476,272.37885632629354
376603,245.04239880877742
382459,159.20425045274962
366860,64.3265340569134
384575,199.96592601837887
380258,82.44832864779069
370151,621.5374950488001
382467,218.43342765966702
364897,224.03465487520177
367085,11.546972089246564
379889,221.74458784272568
371763,96.96700583228386
375591,5001.526523528386
371794,188.31708343448508
379993,19.237896309176378
380685,55.19569263192074
377670,180.61159009895965
374041,37.32579007643707
384078,60.49799593880096
374051,122.93908645998384
366244,82.43275624282492
370206,240.88937193886218
364402,195.4280454971205
384770,224.09410972130195
382080,243.31241643931205
386065,78.84000910753026
384937,87.86952765110864
364459,238.47219536577015
372294,132.0426259424171
373771,52.27520185755704
369805,532.738426527205
366191,29.944089110313325
369982,256.58912440021106
382407,117.34237122681677
385715,229.57519352105064
383995,816.0245974991768
382863,90.25678667122641
378028,185.76332810438626
378500,296.7838208466741
373612,38.35793835134944
365858,438.762369035854
373624,36.54337226486472
366445,54.405644012559776
375773,126.58254098392018
385929,24.826957237839114
366144,26.791360576003488
382150,315.3620990332262
376470,53.127712788163926
380071,11.503394952871068
384980,91.19685510527107
376311,415.2832710854843
380708,92.77951665197874
378541,145.87579065081385
384203,640.6274199189832
376529,98.65441087092583
369347,81.56822848939237
385149,16.31977650382231
386067,36.13452731399293
379912,57.46799123669569
369659,83.53993683732644
366406,168.53940783487863
378346,96.20674404892324
372047,210.18901913347437
371471,69.70212880854903
375831,101.59141070109621
363997,3278.3202926619556
384392,68.38943011819451
377793,77.67153126489066
372078,504.54016148890054
382762,355.4621708789011
381994,500.4568146150618
369972,654.6776278993664
369360,117.39324066101332
374183,78.84771193624263
382859,864.0055613581538
385799,57.06162204414362
375633,103.46220431275218
380292,88.00394250269295
385315,306.7950810505136
385623,233.74566235529835
378109,183.21234847096332
380088,191.04035815364148
384240,404.64882802104773
384131,38.09926407723983
378389,3292.413927823251
364517,407.50381107860505
365774,117.54586561631547
385648,60.39687160004489
369379,779.3149559597186
377660,284.8551828051077
374021,101.35732201927466
380698,735.0840615951181
371330,492.01111044390666
374461,116.03107694921712
366037,1219.3337995280926
365435,1473.1822936714248
375705,545.1788553217174
384413,1622.712153442421
378179,343.2100192548176
384712,987.4699334635845
382527,539.6371496053101
371316,555.2987774600585
384327,196.49103483695532
371415,189.92078313982412
376265,1913.659613838479
365310,224.375578993615
371596,1105.7045982285642
373582,127.05327294236557
369970,4522.087534294355
382754,500.08150862459075
366331,113.84396993079076
382360,768.8620049850077
369297,566.4510675648472
369335,1034.9753173375432
365841,1231.5333982622674
384845,220.2769625773331
384942,665.1072332592312
366677,141.30650374798375
385694,149.6532106630752
385616,200.56483136225762
377955,1357.4944684730433
376013,980.1723738299089
385312,206.4473333937176
365233,500.84060619836913
365865,1818.5722943526266
385596,119.88697408413496
375837,582.6819468235566
382005,657.90641156053
364066,622.0509197787208
369723,1052.7912117474907
366022,366.8480170157979
384452,1628.7933998614308
384299,368.18794776162207
382536,1312.2139032474338
375832,1460.4369910171263
378238,359.3018624089403
382690,813.358958109635
380128,1305.8932525103296
371504,273.85480840713734
371544,830.0094637098875
384217,207.6441154576009
372267,1172.4792520104634
384292,440.04242765731107
369767,1411.2001632229626
372065,87.91221451788138
374119,93.43046119945375
384888,731.3917646885004
380332,123.79107663536476
376426,966.8450563025898
372182,455.6303898757704
378466,3816.236038847559
372308,121.73090031916459
364391,1148.0887892345245
373888,407.6240183497178
365652,769.4731976483741
373760,3622.5841157302475
373669,94.54569731072877
384121,1973.1338943398735
385510,59.24626238578894
365814,1138.53665064874
366183,49.999851841775
371972,209.7012859318691
371467,568.591569656689
377705,143.1285781990352
364649,1064.2068478375472
376027,227.8474185770732
385345,94.91600560650929
364103,790.6722333010894
384948,1830.4567384675054
380288,894.7965105445007
366296,230.25820253778807
366931,70.34574844724544
380393,103.57158451212732
378021,592.9507578458795
385598,150.46728600243597
372199,497.51278570723554
382555,647.7552744804534
365148,517.9136554739539
365340,244.20233235276206
364252,204.169240603533
371966,591.7980429376526
382755,856.0268397001429
373835,2478.518720658822
367080,100.98600043163549
366449,213.38455504204887
380438,160.3664430753058
382617,507.8212820712928
382455,301.68224453121906
369465,772.9076249420584
380255,80.15182709681275
378044,185.85046843312114
373400,1267.4940281320712
364893,2803.0320489991236
382720,4228.279916018222
369509,1184.0520637605716
369781,178.62471541738884
381936,321.5103157645477
378165,213.08200209967455
377951,806.7108271152115
382801,279.0880015429362
370245,133.3332402193264
365122,732.8950556453296
382045,458.44559401061446
369281,1264.4840291846551
377991,435.75814428812276
374063,888.5249658978893
381967,609.1705977745868
364403,1172.6920092452694
385008,291.51408841253
376380,320.53764221101255
366074,198.07849971155343
364165,604.2557946421862
378474,178.09859030224177
378246,141.10971634371032
376450,4011.9834728448914
377704,568.2502689229865
381855,2876.3808613531482
369530,441.07131023156506
369822,1194.5924946249793
385440,66.99391691800807
376142,1065.9805118182928
369453,1019.8164396831454
364217,555.881087148926
381955,1064.9905974128267
365031,804.7000738457193
382514,496.3358721168323
369633,341.539363846739
373626,61.16352046287907
371497,89.11278110424436
380099,1487.1855169995004
365155,437.3295080265764
376356,292.0104555898799
380109,516.0222329913058
373456,183.80725553736718
385166,144.26978823554302
384441,3407.3207024512835
372018,302.44903557799734
364908,3069.4236802687146
372190,310.3463240512297
376153,117.88690070436361
371313,410.91873010503184
385215,332.18011220293107
372312,95.36728311164126
366827,101.10046918087177
379930,94.47329171085802
375540,2571.1065229546157
366535,90.23291733820183
380302,71.06588631335173
365790,1166.1513139863584
377679,242.4232853617686
384024,204.74207476360692
379961,131.138921842014
366565,58.282811142641904
384764,222.21322230177373
366249,82.2615440059825
375569,543.9781022906315
380235,383.9859230349268
372355,317.34365545067396
378162,2241.280806310053
380239,123.62108009164004
384540,545.7561400131982
371469,241.35333719639266
385689,241.5147621686137
375781,1369.5896963468529
385369,1655.613335656518
369996,714.9311513163565
376567,342.7575812105293
385541,486.2996097784836
386050,427.3972391185912
378458,154.02381191726948
378127,153.2096428421577
364695,603.727081740254
384016,540.213013183289
378472,149.4060522580435
372164,2459.7913759084813
365786,102.57501203878861
380040,980.2445414740934
379777,180.04739739664737
375923,5730.031418271281
364171,712.7685823373383
382812,294.4847693531383
376022,705.5218047734468
384527,170.91167486398052
379975,348.3241524198194
377984,349.38269124053176
378172,293.53251403691354
377887,566.7993965483063
376227,224.37954002135388
371771,223.1432893971266
374039,92.13606310003263
377732,281.8392027842751
377733,5712.674220565282
365216,744.716557540542
371974,536.5643265526453
382134,975.336402310786
364771,496.49795113766066
365618,701.95341817389
364523,516.6040312381439
373554,2193.6449162083863
371514,580.6498592774338
364526,982.5160957792996
380129,195.85959637849555
382886,379.1341043951033
369697,235.45902322174635
385173,149.79706011714143
377875,202.34093215716098
365478,136.6389066849003
384700,353.13793646633735
366113,275.8743658713846
380163,136.73565475604536
385203,309.19448001154285
375989,2207.5927367174504
366823,96.5786049472618
382208,825.5337676705916
364856,655.6019496008208
371599,454.65686339130195
369232,662.080997964654
385014,439.7415696211983
376604,605.3173263670274
373459,60.38243045632827
384520,360.43281615430215
377614,3385.229148290309
371612,315.6526894408712
364358,590.1701241302192
371362,518.5445029991038
374356,81.15849727904339
386000,125.43124437596995
380471,121.2496320003317
366018,458.26186592505826
377641,419.05948998674415
365113,122.52347168143287
382036,558.5329783045981
376146,725.2544894809887
376395,433.5256798716196
384312,1039.3671582844252
380515,247.97287850358683
380518,50.07576044881338
384824,182.05408961829693
374325,13.593271000527292
366071,239.74047953694657
364432,565.4361479292961
377943,740.0841882017066
376190,534.3510983495737
377687,2824.9044790955863
372008,352.91676779656933
366996,67.02501735441835
382320,941.7733341749071
375845,447.8153421421323
364272,1861.4302665229127
373850,36.06756136755776
371549,3831.0491729766472
382581,1873.08379727976
384548,390.8505244721159
385620,528.7240946062374
382124,252.94022639904705
365329,1029.1904538581082
384399,733.4490874054804
378520,248.54169094739828
385391,64.51724236874585
385150,27.27612291355271
377767,263.50196213260494
374418,119.3896016307884
382385,883.9059269943505
371528,366.75203616933135
384769,398.87145738719795
366181,343.2550488928088
372367,229.5901447648685
365100,323.1438439194803
365103,404.75855888689915
382662,42.52654350696429
364568,406.9200689346155
383982,574.3487108156022
385213,157.91437757879595
379923,322.44799672068615
371875,645.4005965695045
367127,90.32044885707062
373715,202.10892656670464
376343,315.2975335946358
365137,65.62011764894864
382700,144.26978823554302
366851,295.86156404125916
364053,1599.5185917467904
376101,3315.920017022244
365166,278.57613847519343
376108,1370.76319881021
382469,844.5427843525964
382486,355.06346831517845
376138,2639.2209595027543
382035,892.8592963152962
377899,405.5816593956862
381870,355.9274603109215
385544,166.28582091259386
369570,1724.1918983436071
366336,261.869912135213
385329,46.57910294140814
369313,737.039543778978
380386,114.48817560504948
374089,71.06588631335173
382547,1191.4552467323333
375758,278.6805773021121
384525,333.54290302211206
365995,161.12320723201023
385436,84.47835185161979
367100,43.03420437453426
377719,257.4392694208985
384623,283.3168598257446
377723,235.55931516925406
364814,3842.112060072749
384389,2572.151399953221
366294,1402.5432948921762
374118,73.92608784345445
380356,445.80908720226773
364506,160.95850798667024
381888,762.1799725219681
376262,1331.6404014816433
365864,89.08105191712106
365366,341.5020566315466
376507,919.6151645967408
385740,98.70319006045679
378547,625.9016212234167
384187,172.43559916010656
369874,302.76867043780464
378239,518.9570739679485
378568,120.08128976282588
366574,89.95455601980983
378062,768.7312367982744
380166,103.96741369712934
364010,216.4059456596894
380080,533.850069214482
382197,801.0056038049478
371568,1585.8954924558698
374318,215.0421037919237
364049,2515.80714269929
369220,620.3209151620903
365165,3162.1475606842605
385742,292.7078286493898
365716,387.0606135839198
366251,107.42742898597366
382386,263.83174920380907
377691,202.33706293733962
364202,239.03970279032438
366583,223.36110150613118
380678,345.63827751572103
365286,251.37009288988628
385519,83.5711781045366
382585,614.3945490611119
364968,1230.7411064386824
364388,276.58309515086415
371421,123.96456209467915
379836,269.7953929258629
385551,71.29129189575806
364465,1717.7493916548863
369591,3580.7321422354607
376514,385.32938334621514
380832,57.78215782261025
369501,332.97581539493643
379935,42.23483516988007
382647,216.1023578925721
365607,170.40689755924262
371297,60.77267260561313
378434,508.7003325895697
373828,106.71352350310586
382610,1742.3349678851878
374058,55.12503964329758
374403,78.90162295713743
378288,534.3510983495737
380339,63.799139103233514
377894,1278.314153557618
365362,995.9532000646121
382375,338.28494280021306
378546,117.26948172131749
378034,606.8506191400044
376297,951.1592203260753
385137,63.06839203083102
364786,1032.986954901621
380072,36.28771356616196
366219,266.055311464747
376332,385.2040141183196
365429,344.1197188920681
371533,405.9704915042692
364562,1347.0412836738892
374294,362.49694998281586
380647,296.14558346324293
366488,127.10080332153932
365630,344.1636760501393
384998,371.76685346720893
384381,122.7976547893953
378392,1703.3866254003237
380272,62.88237198334992
385136,62.478702890963284
365760,224.98638897815525
366333,547.8798310132161
378509,327.8173805763926
367047,28.5558757771812
385487,54.49016031631772
367052,91.53840697485552
364982,974.0011632429146
375708,1104.4156561980672
370028,87.71145102237277
376034,1018.0383520110844
378321,397.89230447362996
374284,188.39785725068953
366690,72.78327262177811
366103,188.83987502714933
364488,425.45627996558716
377777,1483.6035263795038
382450,2836.335674328193
365635,1104.1608224437903
376012,731.0819578486631
384220,2874.649089005603
376475,1173.272673541196
378056,88.57378468405834
381862,951.7913634923489
379896,76.46140580491488
364258,816.3021264801149
372249,408.13814174900784
384238,1199.9379969934685
380087,145.9830098751401
369706,843.2327059405769
378208,1350.3818549701348
374045,512.6618170930492
365491,481.0855989015924
365823,104.4484792878011
365490,353.13792983090855
379981,195.79724322106443
366686,439.8639988559272
364191,1015.0622918787388
369623,437.67538962168726
366472,42.38062677796478
366379,425.6471563014946
376003,1569.0156242725266
378251,399.24734069797597
366442,275.6347431014454
367005,35.879567538852314
370233,577.0613955553498
380106,193.33207567852997
385290,974.5309671820769
371380,195.04463576238896
385221,107.46892052270732
365627,1057.493859528674
370132,2992.615115643328
369257,244.4350506451657
371529,556.9646876509729
370079,2888.4847237384215
365696,440.1730434874257
365533,288.8351234110531
373408,315.2329713467443
369728,358.98872506690833
378258,190.91545479557726
364397,171.4130948190954
380618,228.97733654513047
365537,299.24654904140544
364777,8546.80886498212
373430,310.4374461463967
385889,237.37131625517853
382104,1342.0021256348637
364063,832.9738326641296
366011,407.3092102150094
364048,1064.0336623004196
365384,704.1472128220767
373947,133.83003238858376
364584,3165.3295896505565
370101,986.6293296845564
364271,1292.4527243161417
371797,513.3940013343115
385066,159.3466050963571
371982,604.2557946421862
378678,1273.1876441646682
364685,1440.9989864101308
377950,86.74081258534441
377683,92.57131479767905
371931,749.9709304190052
375573,731.497239756832
380317,113.02167708981051
369236,981.144524736549
365735,786.7653224468725
366685,121.8078777731923
382739,547.0475789304982
375590,427.36945344318025
365943,1046.4045823287966
375783,1178.5240484585943
382186,614.7017291074737
371746,113.1561016975886
378197,1515.5470108884435
366824,201.20857728009898
380610,162.45143346324886
364515,333.7119744241552
366929,151.09098726954946
371439,2506.9400957938637
371934,1060.8972990864659
364356,1116.401401841123
385909,274.7496365479866
379883,793.4630357071594
385915,17.119568263904764
382326,1859.5227555333704
366480,125.30634844672505
365909,3257.848175962465
373599,149.5723110164954
379910,200.76896290616756
369831,1226.4379588348506
364680,431.03486908249306
366217,181.02936677833736
364298,391.38892974349153
372142,374.7279510089234
385791,245.2246741644557
376573,1395.7863735180367
380711,62.99542744582614
364043,360.5217266207145
384748,245.67037177187672
365969,564.0365452306513
366847,184.8660177750814
377865,901.196549775884
369597,394.3165156933272
385169,51.940701786718535
378556,303.5169342552244
370061,590.0199170183043
375842,1526.409415467529
373480,2053.23945301787
365183,597.9286682790776
366272,749.1354470639216
371308,54.624048151599894
365206,240.62722920255595
366298,445.0593398843312
384079,428.23469632339544
379745,213.75186416692375
384324,1330.2313713405954
385074,195.24590796031572
376098,244.81156365929024
375554,620.0738676821535
371600,1399.8557182657112
370045,395.1344445751302
370052,2080.6994836770186
365718,205.4831553817838
382807,868.1252664906451
384038,570.4593043240034
365563,573.3788736102482
366375,569.2924800798771
365276,631.1126575122945
385116,146.07684228957953
378498,137.88553385400343
378508,268.5110667731244
371484,281.45176209007735
366707,708.9814421860389
385384,477.63896191297994
371495,125.09969300867586
385390,307.27882818200754
372315,336.1741578348327
373885,70.72810129819247
366433,173.08239659909776
382609,770.0631392275354
365247,321.14278204541745
366968,160.06252782680397
376506,5761.870045440486
373549,220.57108597357902
376198,604.2557946421862
365641,1734.300901991784
364256,3182.7740287250763
366776,127.2555154422798
364808,2793.108699941508
366791,458.85197884481727
385928,68.77664752183314
364815,413.68661859641213
367101,675.9230895232182
378067,188.3645991147195
382180,726.063736131942
372124,435.4091323803045
373946,429.59075508579997
374473,301.2085643307105
384717,559.7191692579173
380424,31.94052286970485
373414,229.87725420471796
384470,2022.9098735307064
366512,73.82601049504669
381962,792.2443653202713
375807,1558.563057224199
384992,187.26306535494544
364321,187.24408903693165
365869,269.91976080656303
364873,644.2623996696635
378398,145.56853607463697
380225,20.699034409449215
365991,844.1196900015652
374263,67.3124877934326
371623,933.164926679941
384774,774.0167218151765
386005,232.88511084930732
382025,552.7960214340167
369526,777.931949054093
369273,2046.561450290376
371383,480.3888020161382
385286,74.41369524989754
366035,237.38839612106045
382507,5389.708800954827
375606,279.10994350882106
370114,1556.925444740376
369572,971.332018732998
369576,645.2598965332337
364692,905.6636664147404
365237,210.16950642941765
375830,516.4949392888299
377677,406.42806259742446
378471,427.5744203975054
382088,799.2070499310397
366359,151.89200474191975
378479,1324.3097313815938
366675,129.11821781694292
378485,934.7200238731264
381863,641.7856248299671
378493,206.18798188981978
369630,846.9062591659916
374386,248.8363832186118
369641,665.5930255358608
382839,124.12779993394524
376478,4444.368693604821
382856,604.5768609442127
378287,1093.630572286558
365862,1488.7427262246692
365046,901.0523367778344
375997,465.7276645078935
369670,1104.9399155288218
365356,425.9421876376487
384414,567.7913542226217
375733,123.5300933006306
385157,86.47296501000132
375738,548.4934686135231
363979,6695.432958390638
364793,709.1272529258548
365075,458.5162633912602
365382,1191.373129894242
372343,716.4393255470574
385419,115.79357520415967
382899,1925.2911236386537
369711,224.9119937478029
366486,137.60885860320613
371855,709.2070781850925
365926,1401.2282186196883
376049,1208.2572356190697
369722,460.57389986479296
385445,128.56331789183244
364292,9883.720665544586
384468,317.70582769791736
378595,6359.601297487568
364036,540.4920222121146
364304,2691.501285423678
371325,302.44904196987943
366829,455.9679444759823
369761,487.0643640278735
369764,279.90326814840677
364336,180.4281863902148
371602,470.84071960176936
379962,141.44304925185097
377867,549.9562874688467
380233,1530.88205107602
375567,1787.364590139066
371930,371.4757381978621
365179,283.93572737331345
375576,1289.765142149319
373481,257.4587406116191
366892,44.52156741664299
386012,235.12312904340777
374298,882.6676632827729
382502,1002.7736007326067
371391,176.5589457074443
375614,672.3708289187163
373530,57.89649872333537
386060,144.87599940909843
365545,1600.856317405301
369857,973.6621336913885
371723,240.87525066411513
377946,434.2299955462872
364167,1741.364565769383
374352,78.60135772151443
364720,1063.687302976276
385350,158.18399158486724
367007,467.8617014939821
364479,1034.8205029068833
375696,845.8533452125182
382127,223.33634579220723
382133,362.87093369305524
384640,481.5026941743775
366134,451.93767882744515
384910,191.1710031877579
385639,729.5268692812467
380101,74.4763110916872
384661,908.350830164757
377764,438.01668219180715
365381,1317.7865924367704
369967,789.5842758868495
378043,376.19380268069904
376522,526.2629855863447
380673,435.0078671417481
384201,218.02382055380346
380681,271.46883707586545
376042,2779.5304817501997
365922,250.97283693753997
385706,5700.7844807407655
373954,385.6456589444105
373705,429.6076462760101
366526,437.8041582781529
378605,345.868233569545
384014,2253.143453238275
365972,341.8026617381088
365449,790.2343232354712
385005,556.1254070457288
382457,1574.3196157843017
384253,68.27039150383271
366245,160.70056093056255
371919,1648.0707733553875
365454,1359.4832238473316
382728,287.29793676017835
385994,244.51600735641478
374004,176.43265896414314
378669,867.6926484051363
373509,108.84452119767239
371965,913.1185375924754
379998,223.28189386932573
372218,624.0789653895092
376404,1517.9599823006092
385794,1317.1218982288046
382519,74.5370888628573
375626,1351.722622052845
379762,223.99997662170338
370138,307.09169572159027
384339,2787.0240212397534
364707,1958.5364428111886
364438,1628.171278140938
384352,163.28634701465762
372270,439.53635696484685
380838,348.49500871230845
382549,646.1003923594072
385831,4043.544045003546
366397,311.64941630661923
365598,1289.201748632806
365606,172.23284788904093
364773,627.49560997887
372071,465.05506157873396
385144,142.82362196637132
378306,406.1191877781045
382618,893.1871696268875
366163,38.09603463199042
364791,267.4867419407991
382637,690.8753123239516
381927,4743.14150587495
380396,129.86043281025906
385423,254.65067566136608
363994,617.3769044065024
372113,2043.824141465477
366479,523.0494889162302
364565,1224.3997174587794
375771,1071.7643428979402
379902,402.5598624940924
364826,525.8429424001799
365680,247.8449386056135
377827,630.196801457248
381960,674.4062413520602
376566,1679.942158317023
371582,956.1910751837466
384750,3355.603110746173
376605,569.6399787458267
380224,280.552755882623
366553,74.78410612310107
366864,260.1211478768666
370059,787.884571278967
385993,260.80551233628665
380465,187.64421575822385
366589,305.72547665476594
382023,401.726836507311
371630,420.902232931188
374286,233.83576391187216
384787,2505.3322659267187
376139,6989.511967473197
364929,126.14242019479207
371652,78.67062517103889
385782,300.69675931422717
385055,236.21044928391714
384557,1221.0790403709868
386057,1064.2610563084204
386049,168.18795971742722
384573,541.4755071889887
371992,2108.17557472111
369592,766.4211031197311
372259,753.6444533924896
385094,13.331871454247374
371452,247.6378316095346
385348,37.578680938211114
384604,758.6068364244405
372046,1428.6532402027035
364205,535.4879975491899
385371,55.421922902104654
380592,196.25832891398568
369361,865.0309174076418
373619,629.2463754374176
365038,267.8301517199221
364234,1283.543758191666
371510,493.1687559448085
371512,516.8464914379088
384670,147.21739537836945
378544,1029.6629194304028
374156,48.734222771682255
365901,813.6430207125183
364798,935.6405065388459
380395,80.63697254377608
378566,459.69447561073235
384694,472.76203351071376
372375,759.2479791656832
377810,316.0100864390271
385699,191.41613088912757
373689,121.18042854130584
377825,728.2425433117306
365681,598.207466901541
384467,53.323841387064064
377833,664.1024123139298
382202,11123.316650733908
373966,277.31847730280475
376592,833.4431972534131
376089,141.47231922420556
382224,96.92653147712709
382232,579.6774557209933
366248,138.00364526405758
380457,314.03652693959845
380555,238.29114452691377
378409,1041.1399730830672
384113,640.8379490521675
374002,93.48101152494095
384045,1397.6973843249355
378173,672.119092522099
382750,759.3091600833911
385778,111.15880876843747
378185,248.99290300415345
377914,228.71339491385456
382051,1096.214342639066
382276,1047.7846753421525
366939,423.51398900811165
384819,5151.253897843865
373542,107.85914878934486
373795,93.17620659369425
364428,907.7547592531546
376292,423.70466164847153
370156,119.78728384296178
384190,916.3257042264353
384356,96.50582653626549
385601,162.57339168609556
382323,552.5298705697279
384202,1015.5545896949801
373588,161.1854411854418
379812,303.3335620018571
380581,96.83426150875309
384137,529.7483341823704
385129,283.8517967007932
385877,80.28329899742613
376254,1205.9585824087192
373628,260.0184258792398
385879,68.9368989545099
372074,198.63465188955843
379853,843.2054042164771
384938,222.39322949271383
376288,794.0996430381826
378142,1769.9087166982652
366167,84.45877419300832
385743,181.93063623284436
385021,309.8918905972729
380144,120.06679528349441
378558,963.2576798572746
364081,6452.158405618984
364667,380.0523940239132
384222,158.912327658775
382189,721.2115109144818
379925,229.67244061658843
376339,1133.9546384877315
385458,437.6450961424605
364849,215.06271372836028
369751,200.79544115309457
378388,477.4427013307461
382000,603.9687652073668
382548,2195.4925106253336
370071,1396.6647380024986
382648,1926.4652035099327
367003,157.1634954850367
382494,1257.1093203879016
376386,2648.0523632623076
369355,289.77840061713806
364671,442.37400102072365
369288,825.0695621155498
382771,415.3177791421037
364966,455.26819605940284
365541,60.490770179478446
380816,141.83780335439872
366542,152.46423722146537
378324,523.0677344508462
364248,1311.3350040854896
377954,790.5110316137138
380652,138.0151123557817
377727,275.18689950509787
384534,797.56832268639
385122,222.82656822342352
378265,658.9424008267828
364750,3415.4030425762535
385281,552.7960140407123
384879,515.0771484316979
385863,180.014501189481
384390,660.8843029717408
381872,874.4481329822629
372060,112.65219579816304
378009,79.88440859893196
366423,97.59895848793343
366426,102.29609121698451
378449,235.428938249259
382361,1382.7422390643458
364520,626.3431378524837
379854,201.08886006139838
380113,197.8909567465918
382719,506.71694912537646
373662,1099.608650923058
380186,391.67415668281615
377633,292.86637849845243
385265,3754.8283152615145
385181,208.9994280957607
376540,274.92660788331756
378576,115.16869378984165
365668,135.51437040821676
372145,573.5728108953252
378358,351.38943301754756
382685,2213.2742687742148
385218,86.55566081852747
384480,244.7589223754511
385615,195.76368016773068
384749,190.77246426479607
380728,153.0288597072615
376599,552.3155071067433
374149,652.6054659053751
369681,1367.1514091742213
380385,88.51438472670213
366758,131.28609404736784
365197,1320.6047254382995
376393,335.21825702798503
385351,166.95005304768273
376133,618.7250276036541
380577,172.9706782531768
382269,484.7960701049973
385781,489.50989463735175
382273,1693.822707359816
380273,227.47937166098282
384183,3750.376740603934
380095,551.6872944245574
382693,637.5199258014369
364974,355.6948038804684
384762,549.0408406080177
376359,1120.9325495280714
385638,341.5503297748636
384773,384.0762020746587
379887,39.686960273460606
365725,400.58068170492953
376041,8630.887064623717
373786,105.44445180367003
383974,8756.428807365033
374454,540.1639883609637
384872,696.2260099603817
384456,149.82853483421104
380703,296.2484014002685
378005,380.6603870934159
379829,468.62527016523336
380121,205.57590211606794
384099,97.59896335291617
378025,1048.9063310739923
378540,622.8434257948754
385435,90.51387469553649
377631,716.7541727626893
376383,1825.8848382464607
371554,7694.792937676291
384612,339.3886215538176
376482,342.6950048618633
369760,903.8276084182114
377829,613.3620512246065
380637,494.81648537384706
378065,403.66171055081236
371687,395.26512723042566
385610,142.57034918822967
384149,352.82609791071303
364413,5546.799127961637
382782,777.0787750447031
385784,615.5015342197053
371868,405.1106073898467
376335,1590.9730258263667
382188,423.5313283312971
384463,516.5264538464602
382670,1581.0568914423955
384830,209.3873273697303
379834,193.91942932979063
366180,236.70190243510368
365172,481.3596937376254
385771,111.57733772052674
384277,418.8336110366874
366598,207.3202076484054
369628,2461.8438421102383
382490,1118.6971061980285
365577,167.2694825286377
380562,1047.1413812237831
364114,676.7264559630637
365269,258.926094531328
385837,158.33615306113364
380498,270.28257737374804
372276,695.1917951683215
384828,906.0317089062441
370147,1080.6904099463961
370102,2108.889632591316
366308,144.24038495094774
384523,203.57550791120357
373479,2529.276604090146
369527,799.2272610617456
375756,455.5539363149314
371349,455.174134690366
371835,653.0674034097852
364677,493.55359426549364
371309,1770.7554540227152
371725,326.6664689581226
376362,1441.6371919370813
375531,1452.5607311928657
365343,579.9467048019156
380435,338.5421750112179
377851,394.19499173691037
373904,103.75340699109164
381965,536.4419888393472
380064,480.5685213741595
371639,521.4827849307084
380827,129.47400912279608
378380,378.06120280273575
377709,783.44478590722
375659,212.4556829944255
364802,1491.2236143057135
378045,199.21429074805252
371438,256.5768319525984
375555,467.52677794913774
365011,494.24789765079987
382419,557.447404493781
366927,153.13099506187322
384300,388.67147642837216
364903,530.9841518584369
369266,445.1540713576736
378373,523.7681843216936
373792,79.40576392707786
369842,1613.57825323409
371418,250.1075403138716
375991,661.6177069354972
363959,662.370591701061
364243,765.3013050434733
369468,1124.4238125620182
366346,258.49008343095596
369239,498.55216244163773
366772,94.39526274726964
373673,2124.0742869807773
378423,1212.3932000013729
366184,311.54211402054426
384718,1089.3514569490237
367112,404.57569181340097
385056,364.9908115523283
373527,98.03704377534521
372062,178.0517073903724
380598,436.7300385242472
384656,148.50812359156484
371597,401.97442217837164
384659,1714.0162226786713
365979,412.75507132103587
369507,887.0536998404518
373994,348.3792636500673
385103,273.82880454255866
374350,169.42529040652568
371543,152.4687503815974
380410,408.5430965659471
376327,4278.491714543045
371485,242.49600276897792
364021,1275.314549079704
369735,775.0526838984603
381961,1172.7363329949774
375707,1086.2130010324374
377832,218.03957305918294
375527,1618.6786111399936
365432,185.94518945900606
375534,542.575569894826
385883,274.4082696621393
380441,64.34999666753713
384106,673.0751357702233
373730,257.671901758339
382784,625.3811014845523
365264,440.4296490278469
385665,401.62416295381104
382388,516.2222010199232
373746,80.31887875283462
380831,282.56836638551033
364080,335.30015983336307
382660,196.37776624869684
365420,244.50589120874758
369995,629.1982274363762
371298,132.94871105737238
367022,338.0332270812582
364673,188.89692778377503
371696,404.5962623349924
384321,567.3325215815004
364121,682.2242945068608
364954,485.3619940442247
373751,139.88438539799438
364412,2419.1993257119716
373611,221.26730101317042
377869,180.86562137439225
365456,996.3139786275922
380489,308.7607984921341
380775,2038.736386644437
366120,202.46469279885108
376043,644.7611015469121
382031,401.45305444127
364399,149.55073416777287
385829,96.19462387560868
375826,411.0793291537456
366906,454.98836792139224
384418,1516.4192270906474
380622,106.78892426869727
366763,298.70475150198956
375962,2638.3584593962005
364868,966.1259158991251
384344,642.0130093718153
382880,1069.3188788266311
366959,211.31282750096815
370109,562.4645275664135
385540,170.4495686834472
377796,475.0534620711797
366112,286.9955401742503
381864,211.20927551031073
365013,930.2158603037365
372256,253.58119246005157
369656,686.7432247532762
373615,173.12801620428317
365637,687.0717566805383
365955,140.3338504273399
370242,1885.1524825307988
385275,368.7354271948201
384492,337.78812778360924
371714,155.85495326133318
372127,289.2671434913568
384925,543.8185376816548
378552,1202.5831936683874
376047,789.9227047240665
374283,83.66491412948498
366756,400.4153712399585
376429,1473.3727444796612
384227,220.39537988353194
380644,113.15358081846067
366382,91.18089901110888
382156,520.4624426642815
364244,505.1429214955644
374181,247.69874109425538
366901,286.43650538330553
372041,518.7022383738104
369488,1044.3783370613444
382374,337.34945516665596
381982,800.6215609586827
384332,360.3994752603921
375743,1838.6453385710556
376314,8300.62314248225
384128,899.5636150912417
381989,861.8034545016194
375797,822.6070352182129
384058,715.3113998837349
380706,108.34366424185232
365363,2372.483620318644
365323,515.246745779186
376537,693.3418124259775
379860,105.44031800697815
372130,4427.251063225936
379895,163.1027620192314
384571,748.7244201161803
375902,1068.3436797559687
380038,321.04442662150524
379938,160.2772669490446
364761,205.90928675904655
378443,133.73028344439476
369285,84.8544249899898
364455,47.817472203084925
376086,29.651795963139662
384440,104.87893682833649
369612,697.2058604451213
364393,343.23528523352263
364454,345.27967575593607
364225,453.89298879177534
377625,147.51294575887644
366845,99.4111414217545
369542,259.6651461239815
384549,735.1408306475834
365510,185.87887897116016
364727,1993.9234816918788
365078,131.9623922235733
384689,169.20579816761517
373598,73.67520806754142
381978,215.53378739108288
366460,35.98468669777633
385451,187.19664742596396
372303,722.4139844863348
384457,50.20694450387048
365643,455.05655223084415
365902,382.91421988937583
365723,47.05446810106073
374257,23.998239563112676
365297,627.3749109396938
369824,834.7863485832077
382669,160.1548166721664
365208,383.37890537919435
385333,50.18415420170965
371436,240.42562829436136
374083,238.6583139937927
379747,12.31839404849722
376177,339.50036546524245
385474,76.98548579055927
377654,99.67999867171233
365857,34.447276745510294
371320,44.85060673354269
363975,312.0250348580775
385991,169.27525586593944
372173,299.65039957017933
365811,126.27182907691035
369881,256.19602695829514
385604,59.787401355471076
365788,132.48587877773704
385168,155.81410372431156
371470,585.1929381499989
380076,207.65092758568608
384061,10.135077488845297
365295,290.8174034261781
372302,92.51528380890028
380563,138.95296369916537
378406,829.316342283371
374400,164.60412230440008
381891,84.8426713075813
385882,424.4878283787384
374231,53.765764174910295
384143,163.65367748208456
369230,349.69158182460353
364057,108.5141664569348
380507,361.35554037251416
375649,344.07575649514695
375648,293.8085850919109
373741,85.57085965170883
367078,116.51234766917781
367084,16.54500541653383
382108,571.2043706162677
366487,102.73998865843318
365095,213.5814169246749
373597,168.7244562926897
367109,80.33357867434843
376330,108.97357334064431
366806,165.27225385909665
364028,94.19181974149113
373412,17.77242877931655
369741,102.82126931184528
380607,32.72990000186994
369839,261.7001551258793
376344,377.5890792215205
370031,159.64237419373467
370223,129.28306746396964
369227,597.9374687939678
380111,205.26774804274538
375548,409.68605072641924
384838,238.9350335666864
366448,657.6057256246
385815,146.33160359424065
380551,40.39649779800068
371606,87.356032351401
378627,56.4569316407062
376363,60.55579650375157
378151,74.76889613848434
378154,287.64520747622635
366883,289.91020165830105
366264,127.5676759450034
369346,655.2552766752917
377809,223.0937962280964
375862,2485.290834833574
377896,48.049684163907294
375593,1296.4245973962782
370092,160.53322319223412
365220,412.84694505589584
369662,211.78093953234648
378201,514.0477224955638
364141,394.8106294524572
366539,96.45326584882207
372260,514.7501084861663
365879,123.17489146899493
366349,66.40219085815713
374086,14.704828095072328
374087,70.09861048833383
369327,233.9108549434819
385836,32.81713575321325
385766,8.122411420261184
372036,371.3526071485155
369904,636.5253315238282
369359,1107.7151840047568
374397,46.596057577199836
384627,178.28422749515371
366417,86.44540555523146
370199,1236.6638579311827
378018,102.788425134081
365039,889.3610147775445
363945,182.70279886480688
369853,30.438897103066292
382793,52.45660412727838
364790,656.2953973566259
381929,216.27918919502042
381930,857.1773110597044
384439,83.25890641529566
369618,65.62380437999386
364810,441.8416067439274
364006,109.62103310389236
364011,481.38948286226713
380185,1965.7415228131872
366495,82.75986495013757
376553,297.155043248739
385947,36.474942756814464
376561,648.6618453353137
372137,107.70966060986876
382198,892.6600880410588
364850,754.1251947952951
373970,49.865352481412224
375824,169.15950241325226
372158,283.69443260489965
365451,492.8810790757987
366342,293.86314158827884
364626,98.80076589379135
371348,105.79238089758947
375836,104.43777290074976
377626,420.2644616251726
378646,6.981567556166869
372180,354.17785165947896
382489,4064.1176608060127
382255,138.57693189803126
365196,64.38520105521357
372198,283.69443260489965
380490,41.64296970697011
385044,57.817882957734476
380263,90.66677935452401
364111,874.3136773878463
376152,100.90425340250751
374310,302.0623863752638
375891,128.74966987585947
364126,808.4324014355735
377665,438.99079575308866
378461,148.44531010707385
376181,404.7757096978988
364971,220.41513536031655
366974,79.67279533829873
365546,41.086028540150906
372098,63.20707955943792
376192,506.246426255195
378226,218.78804163184947
364174,631.23352205998
373567,304.80559169631664
379800,68.47576183010642
369625,200.04305928224625
364193,548.8550941303441
385363,100.52842887460731
369645,1672.9604904959072
364206,400.9227299122176
385383,276.08798340445594
366127,33.07917121145824
365336,336.6878932528961
369938,87.00097652621912
376505,180.99266649420363
369399,270.14572288078716
385898,26.586784193535088
377779,41.02023285724312
377781,24.17640617735663
377788,265.4875151998312
378336,949.5020791983577
373930,254.41870478434842
366483,204.89722373486634
364566,541.6962123399959
374188,158.08105264416304
383984,114.03082552015506
385956,122.45067099923712
378602,193.94335548047766
377852,224.9963099811166
365700,762.583453156628
385234,5.5651566108389625
385158,25.775242333250866
382242,408.1908249902389
366863,86.953656136416
385492,25.226883540268727
373467,203.84332607282101
380470,88.19379125262496
377892,281.22772898164214
365492,306.1404389138403
375867,261.11392632162136
365200,472.8474616137268
377906,1000.9558240823384
366297,39.26986065907459
373521,62.73292910581346
364392,220.65204485618628
369837,184.2183018333963
366050,32.12704504181598
365761,105.49815010452575
366967,37.634720078496365
377675,142.3926751564565
380543,92.23523254844456
371994,18.47452702589383
378473,179.21129889489447
371735,179.5305933954571
384353,621.0102347339695
382098,200.47704011130125
366372,69.13454524881604
377973,292.116094478318
384123,162.10308902274255
364460,389.89314752113654
385360,83.10287877762529
365597,137.61590427195284
374110,77.30878129805859
384883,8.22491148389956
374387,318.25466321395936
380595,123.50091626670175
366413,51.33921515291765
366135,23.269835732486325
375990,384.8313730905381
382858,946.0846932645331
376282,379.32650243178045
384167,527.9805991069712
373657,16.20928265488699
374152,83.48761977045747
376295,466.7671906671891
364540,331.1452865457942
384945,477.41890873456185
382641,375.2138067404812
384947,219.0540931831242
365388,65.4580791102542
364559,453.13528738596204
374177,110.21598402889965
374450,268.80819200649717
365653,288.7929742048295
382175,274.9890672035485
384964,127.93109486894106
373687,42.34085666124401
373688,81.67850190533636
371306,168.90029604193285
365422,269.6896911044607
365430,244.77917197022262
378596,930.1879291318314
367129,179.07985926822838
384236,491.5931723191024
365436,188.23157504267812
365440,65.82648342007803
366241,153.23676502599676
373731,9.360895647361122
373735,22.102752581705488
365468,486.084584766407
369511,2298.200880123473
385030,148.9784753887227
378417,209.26451154069443
365487,123.14058381730644
373493,153.13732449154898
385768,124.51032059780108
385524,27.112319192545527
377649,101.86986708212626
378180,25.905861630309754
364930,35.05396169968419
366935,62.03059710401356
385788,11.594952819654996
365514,76.08399575108878
382768,64.26788436707068
366320,188.49764586257868
374326,88.51438472670213
371987,128.87885020126706
369300,66.07728553022696
377938,191.13476096246262
373814,40.46860433510688
379761,64.95417769255471
364988,198.77133719832653
384844,70.55560273974473
371737,190.96312786468596
384852,1177.4665255327377
377983,441.08298130404506
369350,241.50971913586451
382118,1595.7457135361026
380081,224.23285051801537
370195,756.5127533436975
378284,965.2165913248466
372061,140.45069564624853
385388,112.68577431182817
384902,428.7677265095817
375729,168.4792862422771
375730,165.66828324259328
384422,335.23463196064046
384681,141.09731031858638
373924,48.36428016370377
374166,46.145501468186616
384955,534.2655385661919
372119,74.20676614014843
365669,91.06924914476933
384708,347.2443497575105
365427,4.5960830264553385
372132,1072.5351514331737
373962,25.651833716314734
372141,137.34288358753636
385463,330.0144160935978
375815,376.611576084819
369481,489.6475090409198
375823,597.1652748287171
385231,36.59455824524985
369490,5962.336968372586
373980,105.76675045209282
366858,132.7740094326531
373987,594.4124767329647
366557,28.57395874873162
382002,180.16020185108022
373458,28.803250922199798
380231,13.714328305307316
371615,61.59850381944795
376115,381.6066095129453
365726,97.96399668678046
385509,101.51773289381936
377638,0.6016424537567181
384056,133.34023766767294
374291,60.216402081729356
369539,848.0355546303687
366611,48.28695377376447
364385,355.26280609852193
385528,41.692489796609834
375882,889.2297324382841
371978,169.14098607869616
380799,21.45632105124567
382293,488.46315497374803
384577,231.25617617150368
369854,62.82039915652513
376433,212.69049977910583
382881,132.363688930102
372005,63.15597467877689
364168,244.7235017409575
382314,1078.366003156585
369330,430.04301146163857
385832,125.049767074557
384609,75.42347070019481
369899,8.552280253722097
375687,813.7751547844932
373602,151.057145858707
369727,1297.3101583127034
384402,149.35213950089602
372066,325.04166707454885
382142,343.943884031499
372332,409.79494728596785
371513,176.63379071399132
370235,731.8294856875053
365874,138.03891471001262
369955,101.93541092962099
374422,72.39524284871163
369704,931.0723859430627
376130,1047.3102245159903
380700,310.28200797282085
385046,191.38273920500072
380422,12.616939230528093
384719,118.35218141862167
375524,312.39539637798936
365948,124.39424551241318
365133,84.66633802762078
384237,142.91696033054728
378604,36.198337187887546
373441,267.6755625789424
366543,154.27731757825927
374241,329.96980542245285
384763,593.9535656650032
385242,119.66632877003912
370060,321.6141030893815
379964,105.72128204980501
376215,150.88148104469064
384055,227.0816384190464
376385,843.5397033393267
373774,206.32881772977512
365421,528.1024610354601
378272,232.4151375590526
369836,455.90324883606746
384564,496.43191927000737
380013,15.12477496614976
370131,299.5759948332363
376178,349.0132171470934
374329,123.82027019694692
377941,377.5666032669853
376358,782.0671512341648
376203,921.6471004657188
365267,82.27399469026874
384677,170.5590382780608
370169,633.0090104526687
372114,128.08344238003332
369893,279.4046330888155
364732,374.8771808570009
384373,665.1524897449187
365834,184.90006801359272
379819,18.063271598819654
374035,135.4143251015345
381957,161.12320723201023
378275,291.6513574311361
371490,103.33887788809659
366138,44.60880754422019
369937,311.7191640331286
374408,115.37549208575841
371804,199.09678523718227
382865,157.35636373015242
379861,173.69249548167994
378397,117.49667954236864
371516,62.58721254236481
380391,19.920195300076394
372347,247.04923044393723
371359,785.6518498418351
384199,96.83750031104834
375763,192.79484459871333
373686,190.14605341116877
375774,1081.0728666201571
385285,62.40517864860044
385711,142.05968719910706
384988,2513.143037792626
371889,292.116094478318
384003,281.45176209007735
375538,814.3370177710154
384249,160.12648283930636
370043,138.78875055467367
382154,1369.9808399507572
384030,26.993335725743968
364718,77.82503621584696
371732,405.3575490201475
371525,1010.2066192101566
371370,1007.3144245415046
384050,169.15394690597375
384780,236.12112120433773
370177,49.65860128108773
382584,216.1023578925721
371473,188.97300269335608
371552,95.94018540512874
379816,45.96963273913599
384808,432.5614638699369
377661,428.8836186687318
382524,1532.5529461592487
376424,217.64490412625537
380814,156.25450524556743
370135,386.0241374085632
385410,44.146242842649315
385562,24.92839782950969
371341,121.65051247541369
385660,36.198337187887546
371605,761.099122244449
376015,639.1847960804481
385096,77.16930869408004
382166,201.21534363809795
379885,23.36912999667763
384771,481.95565372742766
375950,316.62176880621683
364913,717.1149893561658
378177,238.99541342958315
365935,254.27566292014663
376240,386.7700629708429
376333,323.9775938275965
376250,381.505194665988
385130,210.61845605139516
379921,3.795885627239626
367034,10.768738556769904
384901,115.89498869582239
380715,510.7508717817794
384995,126.94353963248811
385145,38.09603463199042
380100,162.90546361804502
365620,169.73381243250896
376502,199.6092939898754
384420,195.20948652208924
372000,201.181547154679
374269,32.10224187111046
382898,679.0252988599323
378158,92.71864530821313
380150,255.0575050096654
369984,2133.8248853874816
384778,223.5789589454976
379815,167.72117353614186
378117,343.6801823027966
385855,47.95403242721775
374034,154.69402266019677
374470,18.830744395589914
383991,415.6513167760071
378366,200.05269710620905
376071,694.3337117383473
385063,120.77479610986194
385978,68.6574464882838
380216,670.71560999942
378022,31.44051347642067
366854,78.05159324330434
373652,220.02041485425724
371914,189.6428010210591
374150,114.44567144692337
375685,418.2010561785981
376331,290.7593560663461
365085,218.5023714729023
371761,52.45660412727838
385609,40.95447052448788
373821,44.47461244627639
364290,260.08109209754554
381992,414.6830548272887
385139,70.16599092948651
378574,1107.1468856255499
378114,247.18112574638113
366742,715.9540067541858
372360,224.50049033537712
384022,375.71326490486535
382869,261.09541283298546
381882,334.3077505783283
375522,306.9313202031549
377663,643.1246878513753
371511,201.13327049590296
382589,478.53130072063374
385684,197.02592988711294
378194,141.7357561706782
382421,363.091360523989
378206,296.06714820734237
373726,23.23427609316656
367042,56.748415945753614
380191,54.12766978152662
378118,805.1075305698612
377824,150.62032900616654
371801,327.84996769575594
384093,232.63510546803153
367046,23.714295490348633
381871,546.4929237238491
385709,899.9428334099322
385923,43.99231491796485
385981,74.5902735268086
380149,476.27148790310935
364577,997.3141016392202
364472,791.3816149484165
376020,4295.485793292809
365238,513.2245368619192
382280,316.73810649133605
375631,694.7438501615042
377667,1214.599242960551
366001,372.1139985116012
365132,327.14409070223934
364039,235.57937238845656
364623,448.42679784633367
377653,1181.8016257729275
384639,411.0288551083287
376420,4861.158601713525
372143,654.5415712201556
378675,850.6629591476657
364759,2780.2323001601253
373840,155.0511453244186
384590,642.5368434434477
385245,301.02339086463974
374000,427.13438698640203
366662,278.80070052581823
374364,179.50710903223418
365937,89.03346562932451
381995,7775.046073813166
380236,137.2416319383644
382355,538.4430073766265
384271,429.03429116606907
364219,1186.474472368177
365214,1185.355416793864
364731,578.0028529809567
369252,2100.6199533730833
373911,137.69079036285285
365958,114.11501548984472
376084,1754.659299297173
365142,602.4686962947151
364820,826.148752361595
384836,831.673552807572
365189,525.7832861480882
373717,157.06799681755086
365880,162.5614732933461
364377,423.0980630080534
375775,2820.4662703519
373831,369.84773584179385
386063,299.7046036167813
380449,298.48703479911325
371442,1441.481896869075
374020,245.55893057967361
376361,1173.3037038304897
382187,2913.422331892015
382003,292.64442085333656
372208,1776.9529431413982
381869,1025.4812725760532
366121,188.6041030038991
366591,285.3378246782823
370107,1151.5384484556748
382578,967.97902219293
382664,685.4307846425359
373702,196.05626983815074
371998,594.5554435831342
384204,184.50852210911637
373660,238.3776404426216
382174,1159.1700791161925
364475,197.8073033343174
377977,475.6237511332548
378662,424.55422835477685
380788,167.9633095617698
378363,221.50147257093957
382263,1060.9607515535874
377863,363.4253954312253
377826,974.3868536266154
384444,239.60262302116888
365486,577.8548041181892
379920,1240.0853714176333
372084,68.92571559768903
385112,38.14127226618252
385117,203.34702937358492
384500,57.311063102746466
363987,1616.4751439287752
378564,101.82235132958672
380184,127.88781021173139
377750,439.3744501858545
384881,486.6163796385586
371658,309.585452462512
371416,345.571158671454
384062,75.36251922695796
382146,619.4278558121189
380206,34.96469486606708
380022,293.0265983081883
371307,41.95683785674858
371326,411.4235327644529
373856,331.84234585224
382250,1936.427136972512
369258,523.1054370257882
371922,538.412409362546
373444,69.100973299487
364958,402.49709682799653
376384,588.2276681265811
369563,700.2961104344777
376156,540.1884932856507
378519,114.8312704081682
370248,281.66117997249
365707,546.5891564719618
380458,50.8121404729182
384970,113.34100477916037
376056,426.3587725483924
384493,201.84799708626343
365734,111.64601545854701
369439,313.40717755050946
375585,1067.9753238361623
382246,1046.9004885694465
382473,118.8578659158006
384004,233.24525282086046
375770,1236.9556862105733
372245,533.190347097489
366656,87.63639177633134
369884,500.5903507564404
364338,417.70347579941125
376342,707.5164587709777
380330,102.57091059975764
364631,352.97205351158624
385635,196.065860952311
382032,351.6689143652892
371734,222.25278834797007
378344,183.70335123101424
373842,233.01014684073266
370010,234.79736824303873
364905,758.5709259541709
380493,42.71774277380486
379994,30.423598467516587
364164,235.0529604106026
384503,327.14191499034797
369353,2476.315412190729
369470,335.36569079685455
380355,204.4512505483629
378225,1716.0534383639424
366344,94.36872090612863
365682,667.3526613659523
376372,89.49372483461808
378224,234.09610235916375
371902,222.27256014062135
374205,217.38025840327947
371319,130.22975521297255
364051,747.5579050063179
375580,547.0918126661142
385736,226.35421953571253
380734,536.0163145991138
385822,810.1143223696259
380767,243.90246313164852
369443,603.2135894501032
376204,1473.2463136288552
366182,464.02828668676506
364457,382.55338497939323
369968,5145.405330880966
384553,1285.52980572378
380062,807.1603763564481
369253,354.2165774636403
366778,2137.671796200449
378592,323.698172810933
369653,216.6182133939029
369848,972.984126160021
382078,1103.1401968591956
364644,932.5986927363963
366531,112.6983662474784
382708,1583.2607951692257
376018,857.5471819632686
364018,563.3184865878948
373969,517.3224793235315
369611,1113.664648616461
384111,452.0045763933763
384597,366.37484793018564
382167,556.8474200179757
384053,521.9202428985132
377783,699.4091138540282
386034,155.6879385506543
385987,173.88727655930862
385591,195.38011150099337
373870,431.5803548143653
373915,89.64462492105083
367104,240.11322236378268
380615,65.16371715545026
385553,396.5838750845364
385780,69.77689604968653
385731,176.09132812944972
384150,862.9352049574567
378322,458.2571598929618
369745,661.5211884939877
384337,906.8993048175362
377701,84.09485860848697
369695,745.3083309320286
382393,625.3239689037355
376453,1950.3767006192531
372024,429.6371366747364
377738,233.83175721795587
379897,274.86934870706057
385938,93.86557334675625
373516,343.66699157614926
385621,57.64358637542257
384716,401.0869413589898
375957,906.3800110987478
384207,5702.390484798564
375897,1158.1093779058565
373899,184.17198774209382
364867,2796.6615440322016
366814,113.00067452370081
384721,1743.367287937041
364247,534.6701067977791
385010,2231.340814641625
385997,176.97351018420926
384526,602.4938553769989
369790,1197.8080115015846
372286,576.2647029357266
380482,392.9258206527979
383979,501.64932223597884
364380,1071.3027494185324
376556,577.2892597105416
384798,757.16808154897
369655,1438.5538685737151
365748,412.39224105261934
364041,768.9020355018189
376075,751.2179568510695
371506,1190.231261926607
375904,2328.0099589647484
384583,778.3900375457459
366447,174.86105297612676
385825,109.6193720113216
380044,3502.0737202845744
371461,500.8911345046195
375940,803.221791895879
382828,883.305671971641
378001,868.2901612692989
384151,329.4911972635554
369375,510.1948413629993
382523,489.5936525713959
384091,126.87616195995727
375821,1400.8549920092764
364519,384.0999017637818
380621,417.9966646480393
372336,590.7835987676245
369407,880.0783953505664
384831,283.7888447585667
382301,696.3927738574334
378400,698.6527664237523
373667,627.7433601365101
376019,1310.133018635745
377873,1738.6297893763103
382474,818.6787982989013
376310,2801.586023311817
373931,224.5104002148664
364564,309.4194097320682
366198,286.4670074645148
371852,256.64032295952
373859,143.60633756694824
377995,6060.230201941995
365683,55.18438549910141
366421,290.7013241652848
384990,651.3526783545326
365433,609.9023397345433
384723,474.95842282285685
364235,581.3981370576762
376421,505.94607792471504
385004,526.4919328938341
364327,289.7467763396416
371815,162.43309157243374
384671,1156.8383620740076
366150,108.67806281569679
385411,74.7156807566224
370050,626.6191105610429
384272,487.6261484767267
371622,1064.5272676728814
365480,222.72760659193196
378425,586.0489996482187
375860,841.4017203773568
371646,449.78040848469004
384460,847.9294208062938
369276,1394.3165672035477
364749,208.3711572237035
374395,102.93624140826424
380086,1020.6309212762955
382343,1939.592263177792
374212,82.05931097899311
382284,636.6974383701763
382358,2921.988412521957
375709,1691.577735804974
364418,550.9779764052909
374330,79.16747693738888
382535,1453.8324193140645
380453,128.7453319821358
369873,889.5199579107095
364986,750.1035714067069
369323,957.9875028762482
380460,571.8937870685495
369516,351.04595774420244
365394,533.9869202285078
366376,55.76523327094495
380066,100.88872685327543
367006,235.04293415518123
375678,251.79297634594556
366920,159.77022573148653
385861,712.4672615494528
364278,1466.4967775859036
366221,185.7983671735597
366223,229.87924632888775
383992,877.4531913922864
366311,378.96085764051094
373703,183.37283120258633
371883,609.8644859442226
371570,200.91125357749945
384403,456.2621763171619
382444,1502.7890091229465
369845,867.3833706256067
372083,350.46409305997133
363950,1850.8086563734416
372082,1034.1754499160913
382871,513.3516393971879
378464,140.89350209126926
380383,148.6642645122325
374147,375.6964197386234
366246,371.67230349001755
365559,1012.5874127374208
365594,776.6533843244308
385504,163.630712114941
380677,290.7857454879623
380404,229.56024251222308
385681,1410.1110565885715
365738,449.058361215761
380337,415.8986409047682
383983,392.0636287238805
373631,151.8974123775434
372292,289.7625788850878
380701,141.2125321653654
384884,297.0065383036716
365603,300.437218315967
385453,419.05948307149157
374343,741.7253597767412
384094,480.5018206919774
374238,129.172877493977
380545,1118.2851872727929
365628,183.81670414758014
365976,525.4657264624442
365672,306.2686514496011
380371,2026.2682728830707
382145,1061.6746787106865
385324,371.73052822991764
371374,246.4508137671369
384702,1159.8113794363205
378110,2051.83918296552
366324,101.98867740587707
366970,109.39427515402856
385693,581.7037451260483
366322,122.27255741069708
371880,508.31148029196794
378196,186.4303610281204
369364,1998.850030401053
365399,521.191212483431
376357,1155.8120624935477
376002,4443.361998240097
365649,626.7524706719973
374377,150.66534593910663
366108,387.2901581784743
384160,277.70962849335695
369931,956.0293351011554
364581,1564.4381662559367
370262,391.86515913621065
375762,1474.2205020164245
366789,229.73967012579357
364061,465.8269864537263
384224,2958.517763428924
364970,793.1476821447354
371371,626.4476500059241
371598,951.2940606012887
376428,482.92387324582864
364902,201.1718962335006
385322,203.86021971570653
385507,825.013909567004
365393,352.2424146089513
382168,407.7614085645407
384161,1918.0090285270105
369624,2618.16314507823
379884,31.8761393146279
373670,209.72858797021334
365560,492.9410132104434
376186,282.74864041709014
378621,418.7252803360454
374090,105.32055402420484
380052,72.32660044598848
384461,403.4835268595186
380063,126.44701168308183
375829,1614.3203172536312
365720,410.80860534181437
377689,1366.9674392617844
377872,195.10022629738586
366563,182.395349647994
367041,82.05930631342783
385933,160.45551598268327
384921,366.57346350786446
370189,540.8319151980685
369604,858.6775651517197
364594,393.1244129200755
379952,143.78259155887488
378146,822.1486220106003
371983,166.2415615014803
369578,776.4888645867295
385307,68.27336830961161
378077,452.37318616179556
375942,766.1011227788867
369712,927.3765601405171
385420,135.70749244969207
364345,963.677577705548
385441,414.8750576351015
364818,755.4283484496133
384285,582.683204782785
382462,794.2973321551027
374106,266.22057664568854
364323,1165.2292374113397
369261,2242.081968946295
375909,435.8977651534563
375725,3596.1499765564113
365621,449.47692970021126
378313,376.0500717644662
381921,971.9250110559652
364787,959.7017009565827
369688,7126.696335876714
364541,2867.6162901669936
382639,148.40045417989106
363981,596.2050864662783
374163,496.0777635679257
372112,939.9240754062
385182,228.12106092180085
375767,1073.0916924823305
381949,8462.333061966707
376545,482.2477378570531
385212,57.149253331352405
375790,975.7391800871667
369473,1351.2822809595348
373965,208.26893058215168
376591,838.3242884006044
385473,117.21523872281874
366532,461.84068591122065
382704,622.6785532866039
378395,834.399812796214
382713,1614.5597198836704
372166,939.587939278789
364340,8529.18604974011
364074,1344.6473949665817
364371,707.5142537667933
378431,2338.697379583314
377643,810.4521618825069
364108,571.3720536772148
382751,560.5721062235936
378438,879.4512131871452
371392,448.7536854135933
371396,208.34682479482456
364932,1232.2211441167042
386047,1191.0320232703264
373539,193.274702439212
384820,980.8305297670095
373797,227.96681726615125
382083,2978.3589454785188
382791,1027.344045293778
382302,2250.0824542175037
380300,304.22936887392837
379784,350.8118562955624
372272,986.4025944761327
374093,285.1166657479863
365821,730.2845455919395
365826,565.200762504611
367008,156.8042926920718
366695,239.22491343429695
382120,1232.938888015436
366118,185.26816140445104
365848,4923.396354473709
367026,500.942349905475
385629,126.30461601787626
382131,760.5785432467237
374401,101.13399693892688
382860,729.1131855673236
372325,658.9552591736548
372338,560.6092052896773
365061,1272.2610813921922
377866,2933.607886177991
384259,153.63830332505705
365074,686.3576160706459
382646,1637.653298895112
373399,2231.3538705079495
379904,500.71667664097345
383987,382.97061156581424
364591,936.1442180582644
370020,1113.1612953628578
385727,138.34313777451814
380725,1312.872788266498
377937,976.1080749383807
377857,167.64264036593318
382228,4104.564579062802
364711,1162.1215775612484
382244,791.4783607037332
380464,260.7798192535732
365565,4931.878457007867
373482,117.95988771268125
371939,3576.74256691972
382257,1378.80943897496
384060,858.8625820688274
385775,317.25204814285036
378674,603.0223075181534
373779,127.02735003212135
384386,751.4249660612695
377908,1029.3336139904316
380787,114.03082552015506
369835,768.277624731258
382278,3849.2553677263304
365526,439.2938728984524
382522,2879.562024416325
380803,104.48639636881023
364516,924.1361940558525
366064,232.35515720914833
382534,941.2268684880518
369309,1618.609450183336
382379,1526.0315460583909
376099,1542.219782010079
366985,263.8653197029365
384438,2218.8130795917614
371829,1159.0006471255247
366097,203.19216458779806
374444,239.639760757596
370172,2126.683629498512
373676,260.4971863453915
374375,89.71215359094451
374376,253.90998729481774
373851,886.6048363847776
369897,2065.0105741311204
366395,779.9334855650194
373867,184.80926128197402
373869,1106.1488792776513
364765,1604.3691558776866
369368,1497.027127904672
385881,671.8090940503533
379838,185.87887897116016
365351,875.1395997614326
380439,113.97947326586403
373637,474.2576804123778
376366,361.1887404369062
385403,75.89240834789629
364525,2002.1403524352654
382463,896.8039928363213
369770,745.107951132805
373666,407.21191476253983
365469,94.69860933147658
373756,290.39324984371393
367095,204.29479352072545
384448,866.77897883488
371954,843.3091027831845
382496,427.2339706496872
379903,770.330116717538
384545,946.7751185401128
376497,787.0873725055691
375598,1252.8516266287504
364588,1339.9831492644241
385532,131.8708335253178
384720,96.65949238531341
373709,215.17162287381717
366232,203.19217039462103
379928,273.4939652295667
366236,225.060784194053
380394,503.11833603689877
380807,488.9925115752094
384248,939.5599236426676
365251,315.05006445966734
385811,268.26265885177565
369279,1117.0759605304766
365838,153.88803934363295
364655,1537.2591562306027
380572,187.29058838821052
385772,321.6454633851006
366405,260.16839822937993
380004,280.10403714984847
380008,92.19924123990079
373789,45.86148426089247
370113,2588.1045157785347
384521,257.07249420170666
385888,93.76196997545388
371428,475.74259461347333
375908,973.4587245491621
365158,330.59442191783506
376285,1033.9002727910154
364713,448.6833751298916
373826,138.17556996351
369536,1064.4882888426991
384614,422.8554919942068
372111,714.1445796718542
370175,204.523941432385
366107,371.1343377209527
376132,3022.43548842538
365833,3783.8559163638365
382726,743.1318426252907
373823,577.9268732001167
376272,432.9087458056087
365971,822.2571168960316
366748,326.24604677977266
366133,179.39628546993436
380606,980.720773104419
382712,1090.0872015770117
365014,404.73012774091285
386016,463.78260780642546
375846,207.36397184184563
365706,1694.6773628165688
382223,2243.5102691386396
380736,418.70223638936875
365552,404.2214659023786
378530,603.7270892924981
384922,265.0074595716864
365538,129.265709191072
365908,571.7757683719364
366188,716.7213719962573
384690,885.9903369835175
380202,17.40513575584423
371764,596.2113660160034
381886,282.69831835660443
379872,808.7532711306939
371799,451.3333005485193
380793,62.35423541646351
384651,561.9424197477721
385844,213.66957823457759
380035,604.8130278080663
380806,150.4222833601729
371532,920.8525999330114
371400,737.010483692769
380028,362.2565810394688
365732,238.2891350488423
386043,120.76370266779855
380379,343.3253475350497
378537,7568.992067237966
364436,484.92857133669213
367118,292.51231449089346
382557,3216.567309773601
365744,601.5378904549909
377613,329.719604008858
364766,1249.4074864287927
375761,743.5288959722178
364601,1761.3304689692898
384594,1343.2538505743262
365134,379.69221879929876
382330,910.3098395282235
371453,340.55895479855826
385393,262.2764059596353
384688,808.0069889355132
385785,168.6846656840631
380643,371.83291559567544
365452,285.15762615185577
366714,368.2102876920012
380398,450.60360757106025
384120,229.30312792780205
366560,78.79842528739965
376451,3784.7870424761463
378577,124.1879543418028
373466,126.94527096730761
378332,109.7403024118197
380270,155.7097203903637
374137,70.0424720579355
378559,273.33489428176966
365495,268.33510750013704
385214,86.88900460546566
372072,447.93363687499345
384817,156.07286109277268
366881,40.20655586249263
375806,517.5315990836584
373545,48.036014471301854
376378,485.6665275778354
376302,327.8173870937387
366803,153.64826374574807
376069,349.97294818805153
380315,32.96618349582376
369294,207.670395275583
369411,464.266922767398
365739,316.03497668069247
371991,290.4164601273396
364194,86.40997778557805
382252,2712.6995640698274
382824,547.4679744094526
366504,9.069596446749234
384279,181.12914257455964
376062,320.5700596831871
364616,158.6652033374656
364618,2417.9166562591936
380031,87.62454148475312
371559,768.6351775594998
369523,1575.9806636792443
372109,789.8394460018562
381893,627.8577254660111
366354,234.4066016268527
382294,6800.696052855817
375941,1161.999672365951
384953,235.0218835648455
376449,1861.57892433548
380830,189.93411152229635
371591,943.4524376104623
371336,657.9526827764205
385341,523.1267763318472
384976,655.6789906138865
382826,443.0852758137927
384542,176.96508000613701
370209,2261.42349427448
375898,648.254619658808
369324,7230.865017371209
378532,605.4999715524701
376398,1252.7165008427323
377787,519.7460470595921
365380,165.4656367786499
380800,439.84067936707004
364879,877.2465532596076
375741,615.3844840710217
369750,2479.52761722924
379939,319.0907607344656
365021,631.6725150536984
366253,117.61371259199073
376324,363.3151601932785
384180,532.3500878039297
367038,54.50988675099018
371904,474.22206348051435
364797,1470.8489507464685
364503,507.9661628920049
369896,1501.4365501248865
377907,1301.2326021871968
365018,923.9478937612847
382318,1091.903544043989
374339,132.06269013596605
371890,253.57711273188303
375560,414.9727849114919
364602,1645.2292219998965
376174,1587.8010933638175
369376,818.9226554373131
365493,530.5534293101152
369524,1079.386855512162
373927,290.8174034261781
374027,237.74517564599424
378624,186.67495853095278
371515,547.5404968225026
373992,344.707812412991
384087,297.54333839369895
364017,4033.6774236716246
374146,474.6139564941563
379931,492.24713919552306
366276,153.23947730810508
369823,4138.421946682939
364005,1842.8459354065092
369935,184.4026276575788
373816,286.63734776504515
377929,972.0591495592089
364528,2487.549221649099
384317,158.00089576783682
366761,302.9285184173826
382275,607.9523363621568
364276,934.2976181637054
373492,107.91397365610517
365517,303.46576311967874
375965,799.1868550859783
381885,2405.3099817614084
378164,1141.6476055008231
381940,576.7065874919648
374277,249.7616371476724
381959,551.2070055545836
369467,380.3225812064175
370234,1297.0720143667102
378411,762.3304447984125
381905,2338.6409793806647
382048,5067.679806706749
375700,892.9007893597908
385971,301.65563254144894
385251,184.29864220893663
385374,516.619261931932
369412,322.72716348711964
365414,205.34343131055516
376459,1108.3491295496603
373752,118.17891922202537
364434,201.24430403906717
380214,79.10966524297847
385744,146.0723755368404
381866,639.1235409131122
365037,71.7501440951237
385071,95.27053696545002
371891,644.3135315076886
365981,202.3119279456152
384287,3251.2137047547003
384870,81.3446748886017
385982,87.27710195556958
380037,63.2297113402616
384958,914.9478244464372
372307,278.82681755824854
373788,151.46632239600928
365053,888.1216975790446
380384,451.04584350731886
385226,226.54993360626918
371647,543.4405530301057
380264,544.1082176321341
382144,442.2689179540314
376345,932.4728677125021
373884,146.71886332929733
369483,314.41007606468787
376109,1241.4384577190426
384193,828.0255858613708
380041,106.37894154284854
376412,994.3102086314884
365547,379.764249951669
365584,326.145623940164
376572,626.6038698416185
369979,580.3543640792285
378113,235.47908439695868
382160,1048.7941610974635
384715,390.5105572675127
371522,436.42609042478347
366136,454.8978472909948
374382,76.52639199450762
385965,116.54619522168544
366041,94.61007659185749
382746,951.3807370408322
366463,306.4310785764659
385839,79.17903587372929
365728,310.35704585433837
366091,239.82609883160777
384954,408.07630098775417
373468,96.08959619816407
366843,564.1170283203882
375543,783.0520732293415
364481,753.5315716038642
367081,181.2515211532824
384658,866.5042904066233
379967,128.710656107009
369430,383.1115792227331
374064,253.64200434000378
385427,513.0066966318411
384706,2574.19612843703
365210,181.53213062906173
376242,1912.6869223492272
375595,1384.3152188651507
371628,200.13755065968044
370080,541.3835531161823
365230,491.7547325051039
372247,286.9928451718367
382100,431.2924978147399
365688,528.7728521936191
371551,224.1139328132614
372105,334.10149588174033
371842,521.6407501065516
376399,205.46957146527456
384426,328.1976166144505
365177,2764.516268224638
374405,462.49564257607517
375861,424.31145607769076
380375,188.0558217174787
377780,465.5136938426371
382329,1659.6447898271415
372311,3104.629775454317
384874,1021.6838595926026
366256,120.2202566743312
380418,145.1034853195385
380802,247.32826633527714
380823,585.4053210045008
364921,2878.4976743036723
371474,424.28370507998864
378557,206.0520226753587
377688,521.8108737529521
369632,371.5653119487214
364935,6435.020405124282
380440,56.38589216987416
380839,299.4750291193792
382305,640.4102045142646
378198,362.21207026978294
364362,610.2682939855115
372057,191.64988340797134
365860,351.23700884206767
385872,368.32758942362653
385868,115.77245452651007
366700,124.680606142547
380504,1276.300647640506
365277,447.7228281831784
381853,4708.842067938276
382087,631.309869682912
377964,494.3342541498673
373887,54.085475715134784
372348,866.1032762825039
384360,1570.7117911229973
